path,year
images\523b7b04e3b06ab3c802ca2dd73029973a9b00ab.jpg,1861
images\0a5a8cf22b2a8647b727b5071fc6a9bc788ec2a6.jpg,1884
images\ea7c3dd087c30ddbda3c6a9dc63ed27a769ee9ac.jpg,1884
images\0320e33243cb7c71323974895236f3f28066464d.jpg,1884
images\307fdac143fa18bd1288b70852e28c83a4973d72.jpg,1884
images\bad0e2205bb8b1521a3c96863e96f2efdd3adc07.jpg,1885
images\9a9e5c095abd725f37e654f51c4fe4c081d3d287.jpg,1885
images\202d8b323aeb4b96c1da4753b570bc303a04d6a5.jpg,1885
images\fe17df411e306c1dc9d850890aa42bd30caaba26.jpg,1885
images\72997c576807b5755fb142d06752e8eff561ebdd.jpg,1885
images\d23824e9457d19eba1b000b36196f9b06fd80e6f.jpg,1887
images\4b96b28d2a4bd5b170538c83f45f0f7748879e06.jpg,1887
images\56c59519f878039062508f15485dcbf5aa2cc021.jpg,1823
images\98d573f0dc6b64a73db1a60593b945294c366a2d.jpg,1600
images\f1a1263521bb2488c417275afe7666a5ad293723.jpg,1600
images\4b0faa1b39555fac06b1edbb6c4370cab30e59af.jpg,1600
images\bebaad9dbbee5e2e48f31d7d7c229540883e3282.jpg,1600
images\50d1581b281a0f3eb5362c26da815a54f640ac86.jpg,1600
images\a32b132a2e0e51c437df9c9d6a63f094e362f4fe.jpg,1600
images\b8d83dd4ba9e378f37c37dbe5f66c11b33bf9292.jpg,1600
images\0407e9a21080a5a213b53f1b6a4da7dd3823012f.jpg,1600
images\b9108cdcb70e6a080ec357e75d0af8d7ee15b749.jpg,1600
images\4487c0ada50eff02923efdea8ee8e8bd344d636a.jpg,1600
images\afd63ed88696b2f27bd0261aa2104f4b97a5d122.jpg,1600
images\2a103b7b7abab7a9e0217c441bdb966ae62aad69.jpg,1600
images\0752aa7ec08903573645108427fdc20e50c53e5f.jpg,1600
images\8e4b31a4627dd7cfa52b2c29fb7194699ec5570a.jpg,1600
images\480b7c19babe5a3889655c7cceffbc9c64a1b9af.jpg,1600
images\4d6e48520b4631e43eed2d607a9f3ad5a8abd06a.jpg,1600
images\7f1a6071036a8286d133115725039229d6ba53e3.jpg,1600
images\56780bde19865c28991bda8c81c1c238a47d4a55.jpg,1600
images\c7a3743d5b6efafbeca95df55dd28dd7a4f309cf.jpg,1600
images\89df6507d97a6c96bb30aa0fbf55fa4869e91c10.jpg,1600
images\a8b18db81dc9fdd514a5b952335ab977cd2fbfed.jpg,1600
images\dfc50a03436802b328a262841c641fc3179d1e8c.jpg,1600
images\9fe7335a3a62bb762b6b742024b0a2adfaf6a8a1.jpg,1600
images\3d4d2a06939dccbf03063e04700862f92c811d9d.jpg,1600
images\7283e1e972ed79d1a4ad2697bdb87e5c117da532.jpg,1600
images\94ac25ccd23333cbc17f2c18548d2e9153b61f0e.jpg,1600
images\819eaf016d441ebb98c096977f2ca7232bbe7e1e.jpg,1600
images\64d0e17e53f760f0f771138b0d0044ef7de059a1.jpg,1600
images\0b86e5d80f60a532d4a00797c6c229b8c82badd9.jpg,1600
images\bb5b5df4e16b315970be66cea3d338fdab50dbec.jpg,1600
images\e4270ca7dc429ac866dc42d4347902de27c96912.jpg,1600
images\1c9a0835217583d8c3501bf7727a2fa719e88e58.jpg,1600
images\c82e5de292faf490ad814d4dee0b53cc25dd249f.jpg,1600
images\fae5a53e80230743b3a087fffed082845a224500.jpg,1600
images\9459e7d5863c65badb331163f45023c25bafee28.jpg,1600
images\1200efd1d027fe10f56d2e72dcb7f73246259e9a.jpg,1600
images\039ef60bd3fbb87695454343143b48e885c6c695.jpg,1600
images\1d66129b083b4df2864bf63731317742c69338bc.jpg,1600
images\3410fecbb1fdc8c9d2437099a0e2f213b31c81e9.jpg,1600
images\e7d08079e2693abba3045c640db81bd113bcc4f9.jpg,1600
images\0d12b78b3c9830dadbeeb5919fc7c83857a3f2bc.jpg,1600
images\1009dafea0d230c46b155e5a847901d013513ff0.jpg,1600
images\d0b43ada1ab519748c7132cf673100464b0323b9.jpg,1601
images\d0e5f304e99bc085881db70631307b1a37bc75b1.jpg,1601
images\48a6a684d7d3350fa15f8c3d29fe01bc8deb0c15.jpg,1601
images\97bf3f01a09cc0954ea336b0532994a99b4322ed.jpg,1600
images\02a20716409de98a4186d35757d7b3a742cfd55c.jpg,1602
images\221d025056137a0c2b7128e956f9c74dc523cb22.jpg,1602
images\680cbbcc808cbe49d29aca3f208d2cb1f77d03bb.jpg,1602
images\127873fdf6e8e31b79a8b4f23c18ca62d87d686a.jpg,1602
images\ac6347c910c2557f58d70ca2284655eeca7ba0e6.jpg,1603
images\baa8ac05ab17c41286fd32c7804143adb76388ce.jpg,1603
images\9a2661d2469846e0248cdcc66ff09bc0fa070712.jpg,1603
images\7f1d389081279b545b3789e21c689b767f156b8b.jpg,1603
images\f2b08835042b3a9243f866cdde13904c605136d5.jpg,1603
images\34230709dce817087a0ee2bf3f69993c232a219b.jpg,1603
images\f2c9f2a10ef13c0837b0b15e0840102c07222388.jpg,1604
images\5e026d9f654af500579fe1157515e0a2d58a0c06.jpg,1604
images\59dae7dc8f21afb1f420b963b6cd5453faf0a824.jpg,1604
images\21bf5893e15b0ab2d539853c71d6607f8f99e594.jpg,1604
images\708802ae6900f3efcf39301406944f8024154a7e.jpg,1604
images\f85cfae29a81748ced726390a52c4ae3d99b387a.jpg,1604
images\f633baa9a2468f9a33f56f7fee4e1273ac184ef1.jpg,1604
images\33630650ef9043c83157f64a38eac0714164dd74.jpg,1604
images\829dd2ac212486c6afa307076868aa38177107df.jpg,1604
images\ce470639f97b13451907939380e2891fc01c0b4f.jpg,1604
images\33f42f6cbb0ae6be70a048390206bb692a7bac11.jpg,1604
images\372d3cde81ff60d63f8c824507bcb3f9e8c8e301.jpg,1604
images\e644a25a5e55806558d17e33802220150b2c0d4b.jpg,1604
images\ac3918c9bc4b99ce75a2ef75576b8e153738efd3.jpg,1604
images\9fb3430baac98a77062daf7318cbea991fde81b2.jpg,1604
images\e24007199e218a30015bf946716132714b674a0a.jpg,1605
images\94de4143351a830dfa28154d1961aacc5369f44e.jpg,1605
images\7155a76e2bd5a613e5f1a700365783e8057cbc20.jpg,1605
images\9aa6ee6d4be37973c5c69b01dc2a951c87cf5f52.jpg,1605
images\a676b1135cc3248b5169f29a28facb25953206ee.jpg,1605
images\ea5814d8962a2561542b35f2677240a982d509de.jpg,1605
images\b7d898ae07f0966c2dd85a969b821c64546cc43c.jpg,1605
images\57556422d4cad422367e09bb5eb3865d4c7ce5fb.jpg,1605
images\3656a5296a51c30a70b77ad5bb09ebd45c4355c0.jpg,1605
images\ebf2baf4b313bf3dad40b18f94dee8d9915cd792.jpg,1605
images\bf27852d4a69587478140c39707ce8bf6abaeae8.jpg,1605
images\1cd33cf4fae55faead75ce0e157e529433d456b1.jpg,1605
images\d640fbe0a6de019766170ebef437c0925c8d53cb.jpg,1605
images\512bb5d6d6f3f67c28348e38a3c65026e42be7f9.jpg,1605
images\b2ca3780d7144e3ca2c8afc36088d6af3a480aff.jpg,1605
images\997e4288e700281dca674463ee52f685c88cb17e.jpg,1605